,11078
,8882
һ,7969
,7752
,7516
,7224
,6498
,5994
,5751
,5704
,5629
,5522
,5433
,4989
,4488
,4230
,3845
,3807
,3776
ȥ,3699
,3429
,3412
,3380
,3360
,3360
,3044
,2985
Ҳ,2945
ɮ,2858
,2833
,2714
,2640
ʦ,2622
֮,2550
,2499
,2492
ֻ,2490
˵,2327
,2313
,2296
,2268
,2238
ͷ,2147
,2093
,2093
ɽ,2060
ȴ,2046
,2039
,1993
,1919
,1896
,1887
,1867
ǰ,1839
,1803
,1802
,1764
ʥ,1731
,1717
,1702
,1647
,1637
ʱ,1623
,1602
,1594
С,1583
,1556
ô,1546
,1471
,1450
,1442
,1442
,1426
,1424
,1419
,1394
Ҫ,1387
,1377
,1374
,1367
֪,1358
,1358
,1323
,1310
,1300
,1297
,1291
ʮ,1285
,1282
,1282
,1245
,1215
,1207
ס,1201
,1191
,1186
,1182
,1177
,1171
,1170
,1151
,1142
ˮ,1125
ɳ,1109
,1094
,1092
,1087
,1077
,1067
·,1063
,1042
Щ,1042
,1038
,1033
,1030
,1023
,1019
Ц,1017
,1014
,1000
,993
,991
,987
,979
,978
Ϊ,968
,959
,955
,955
,939
,937
,929
,928
,926
,916
,915
,909
,908
,906
,903
,889
,888
Ȼ,879
ħ,874
,869
,867
,863
,861
,855
,847
ȡ,838
,835
,820
,816
,813
,798
,798
,792
,789
,787
,780
,779
ͽ,775
,768
,767
,767
,760
,758
,755
,755
,753
Ī,751
,746
,743
,739
,737
,727
,724
̫,718
,716
,715
,715
,714
,710
,706
,693
Ů,689
ϲ,689
,688
,684
ǧ,683
,680
,679
,660
,648
,645
,640
,629
,628
,627
,626
ԭ,620
,620
,610
,608
,606
,602
ʹ,597
,595
,588
,585
,583
,581
,580
ͬ,572
,571
,570
,569
,569
,567
,565
ү,563
û,556
,553
Ѱ,549
,549
,546
,545
,539
,535
,535
,528
,527
,522
,522
,521
,516
,515
,514
,513
,509
,506
,503
ս,502
,502
,501
,499
,497
,496
,495
,495
,492
,492
,491
,490
,488
,487
,485
,485
,482
,480
,477
ת,476
,473
,471
,469
,468
,465
л,463
,458
,458
,456
,456
,456
,451
,445
,443
,443
ͨ,438
,438
,435
,434
,433
,424
,418
ի,418
,418
ʯ,413
,405
,404
,402
,401
,401
,399
ҹ,399
,398
,396
,391
,388
,387
,385
δ,384
ɱ,384
,383
,382
,380
,379
,376
,376
,374
,372
,370
,369
Ū,369
,368
ӭ,365
,364
,362
,361
,361
,360
,357
,355
,355
,354
,352
,352
,351
,351
Զ,351
,349
,345
,344
,344
,342
ֱ,340
,340
,340
,339
ʵ,337
,337
ɫ,336
,335
,335
,334
,331
,331
,330
,330
ĸ,328
,324
,324
,324
,323
,323
,321
ϸ,321
,321
,320
ּ,320
λ,319
,319
,316
,315
,315
,314
,313
,312
æ,308
,308
˯,307
,307
,306
,306
,306
,305
,304
,303
,303
,301
,301
,300
,298
,297
,297
,294
,293
,293
ë,293
,293
ľ,291
,289
,289
,289
,289
,287
,286
,285
ʿ,285
,282
ҡ,279
,279
,278
,278
,277
,276
,275
ţ,274
,274
̧,274
ʤ,272
,272
,272
,271
,269
,268
,268
,267
,267
,267
,267
,265
,265
,264
,263
,263
,262
,261
,261
ͯ,261
,261
,260
,260
,259
,257
,256
,255
,250
,250
,250
,249
,246
,245
,245
ɢ,245
,244
,244
˫,243
,243
,242
,241
,241
ָ,241
,241
,240
,240
ײ,239
ʩ,239
,238
,238
,238
Ӧ,237
¥,237
,236
׽,235
,235
,234
,234
,233
,233
,232
ƽ,232
,231
,231
ȫ,231
,231
,229
,228
,228
,227
,227
,227
Ի,226
,226
,226
,225
,225
,224
,224
,223
,223
,223
,222
,221
,221
,221
,220
,220
,219
,219
,218
,217
,217
Ԫ,216
,216
Ƥ,215
,214
,214
,214
,213
,213
,212
,211
ŭ,209
,208
̨,208
͵,208
,207
ǿ,207
,207
,206
,206
,206
,205
,205
а,205
,203
,203
,202
,201
,200
,199
ǹ,199
,199
,198
,197
,197
,195
ƶ,195
,194
,193
,193
,193
,193
,192
,192
ʫ,191
,191
,191
ҩ,190
,190
,190
,190
,190
,190
ʧ,190
,189
,189
,189
,188
ʶ,188
,188
,188
,186
,185
˼,184
,184
,184
,183
,183
,181
,180
,180
,180
,180
,180
,179
,179
,179
,179
,179
,178
,178
,177
,177
,176
,175
ִ,174
,174
,173
,173
,173
,172
,171
,171
,171
,171
˭,171
,171
Ⱥ,170
,170
,170
,170
,170
,170
,169
,169
,168
,168
,168
,168
,168
,168
,167
,167
,166
ģ,166
,165
,165
Ժ,165
,165
,164
,164
ˣ,164
,164
,163
,163
,162
,162
,162
Ը,162
,162
,162
,161
,161
ׯ,160
,159
,159
ʳ,158
,158
,158
,158
,158
,158
,157
,156
,156
,156
,156
,155
,155
,155
,155
,154
,154
,154
,153
,153
ѽ,153
,153
,153
,153
,152
,152
ͣ,152
,151
,151
԰,150
װ,150
,149
,149
Ʈ,149
,149
,148
,148
,148
,148
,148
,147
,147
,147
,146
,146
,146
,146
,145
,145
,145
,144
,144
Χ,143
,143
ǣ,143
,142
,142
,142
,142
,141
,141
,140
,140
,140
ʨ,139
,139
,139
,138
,137
,137
,137
,137
ߵ,137
,136
,136
,135
,135
,134
Ǯ,134
,134
,134
,133
Ұ,133
,133
,132
,132
,132
,132
,132
,132
,132
Ϣ,131
,131
,131
,131
,130
,130
,129
,129
,129
,129
,129
,128
,128
,127
Ŀ,127
Ե,127
,127
,127
,127
,126
,126
,126
ֹ,126
,126
,126
,125
,125
,124
,124
,124
,124
,124
,122
,122
,122
,122
,122
,122
,122
ò,122
,122
,122
,122
,121
,121
,121
,121
,121
,121
,121
Ҷ,120
,120
ͤ,120
,119
,119
,119
,119
˧,119
,118
,118
,118
ʹ,118
,118
,117
,117
,117
,116
,116
,116
,116
,116
,116
,116
,116
,116
,116
,115
,115
̤,115
,115
,115
,114
,114
,114
,114
,114
,114
,114
,113
,113
,113
,113
Ӱ,113
,113
,113
ƥ,113
,112
,112
,112
Ъ,112
,111
ϴ,111
˿,111
,111
,111
,111
Ա,111
ƿ,111
,110
,110
,110
,110
,110
,109
,109
,109
,109
,109
«,108
,108
,107
,107
,107
,107
,106
,106
,106
,106
,105
,105
,105
Ѫ,105
,105
,105
,105
ɨ,105
,105
,105
֤,104
ѩ,104
,104
ҧ,104
,104
,104
ʰ,104
,104
,104
,104
ɲ,104
,104
:,103
˳,103
ϼ,103
,103
,103
,103
,103
¹,102
,102
,102
,102
,102
,102
,102
,101
΢,101
,101
,101
,101
չ,101
,101
Գ,100
,100
,100
,100
,99
,99
,99
ҽ,99
,99
,99
,99
,98
,98
,98
,98
˾,98
,98
,98
ѧ,97
֦,97
ѹ,97
,97
,97
,97
,97
,97
¯,97
,97
̥,96
,96
,96
,95
,95
,95
,95
,95
,94
,94
,94
,94
,94
Ͷ,94
,94
,93
,93
,93
,93
,93
ƾ,93
,93
,93
,93
,93
,92
¶,92
,92
,92
,92
,92
ة,92
,92
,91
,91
,91
Ӣ,91
,91
,91
ͭ,91
,91
,91
ÿ,90
,90
,90
,90
,90
,90
,90
ң,89
Ȫ,89
,89
ӵ,89
,89
,89
,88
,88
,88
ϯ,88
,87
,87
,87
,87
,87
߸,87
,87
,87
,86
,86
,86
,86
ק,86
Ѳ,86
,86
,86
,85
,85
,85
,84
,84
,84
վ,84
,84
,84
,83
д,83
,83
,83
,83
,83
,83
,83
,83
ɭ,83
ֵ,83
,82
ʢ,82
,82
,82
,82
,82
ȭ,82
,82
,81
Ƭ,81
,81
,81
,81
,80
,80
,80
,80
,80
,80
,80
,80
,80
,80
,79
,79
,79
,79
̸,79
,79
ʬ,79
Բ,78
,78
,78
,78
,78
,78
,78
β,78
,78
,78
,77
,77
Ʒ,77
,77
,77
,77
,77
7,76
,76
,76
,76
,76
,76
,76
,76
,75
,75
,75
,75
,75
,75
,74
,74
,74
,74
,74
,74
,74
,74
,74
,74
,73
,73
Ү,73
,73
,73
ü,73
,73
,73
,73
,72
,72
,72
,72
,72
ζ,72
Ħ,72
,72
,72
,72
,72
յ,72
,71
,71
,71
,71
,71
,71
,71
,71
,71
,71
,70
,70
,70
,70
,70
״,70
,70
,70
,70
ĥ,70
,70
,69
Ω,69
,69
,69
,69
ߺ,69
,69
,69
Ȱ,69
,69
;,68
,68
,68
,68
,68
,68
,68
ר,68
,67
,67
,67
,67
,67
,67
,67
,67
,67
,67
,67
,67
,67
,66
,66
,66
,66
,66
,66
,66
,66
,66
,66
,65
,65
,65
÷,65
,65
Խ,65
,65
Թ,65
,65
٤,65
̾,65
,64
ױ,64
,64
,64
,64
,64
,64
,64
,64
ѡ,64
,64
,64
,64
,63
,63
,63
,63
,63
͸,63
,63
,63
,63
˩,63
,63
,63
,63
Ǭ,62
,62
ӳ,62
,62
,62
,62
,62
,62
,61
,61
ץ,61
,61
,61
,61
,61
,61
,61
,61
,61
,60
,60
,60
,60
ͼ,60
,60
,60
,60
,60
Ӫ,60
,60
,60
,60
,59
,59
,59
,59
,59
,59
,59
,59
,59
,59
ֽ,59
,58
,58
,58
,58
ǽ,58
߯,58
,58
Ь,58
ϡ,58
,58
,58
ñ,58
,58
,58
,58
,58
,57
,57
,57
,57
,57
8,57
,57
,57
,57
,57
,57
Ρ,57
,57
,57
Ȧ,57
,57
,57
ʼ,56
,56
,56
,56
ͦ,56
ˡ,56
,56
׷,56
׳,56
ն,56
ȹ,56
,56
ӥ,56
ԩ,56
,56
Ĩ,56
,55
,55
,55
,55
,55
,55
,55
ξ,55
,55
,55
,55
6,55
,55
,55
,55
,54
ð,54
,54
,54
,54
˪,54
,54
,54
,54
,54
,54
,54
,54
,54
,54
,54
,53
Ƿ,53
ռ,53
,53
Ӳ,53
,53
ҵ,53
,53
,53
,53
,53
,53
,53
,53
,53
,53
,53
ƭ,53
,52
,52
,52
,52
Լ,52
,52
,52
,52
,52
̰,52
κ,52
,52
,52
,52
,51
,51
,51
,51
,51
ƫ,51
,51
ɥ,51
,51
,51
,51
,51
,51
»,51
,51
,50
,50
,50
,50
ϵ,50
,50
,50
Ť,50
,50
,50
Ӯ,50
,50
,50
ν,49
,49
,49
,49
׹,49
Ʋ,49
,49
,49
,49
,49
Я,49
,49
,48
,48
,48
,48
ʡ,48
,48
Ϸ,48
,48
,48
,48
,48
,48
,48
,48
,47
ӯ,47
,47
,47
,47
,47
,47
,47
,47
,47
,46
,46
,46
ժ,46
,46
,46
,46
,46
,46
,46
Ѻ,46
˽,46
,46
,45
,45
,45
,45
,45
,45
׼,45
,45
,45
,45
,45
,45
,45
,45
,44
,44
ͥ,44
,44
,44
,44
,44
,44
,44
,44
̽,44
,44
,44
,44
,43
,43
,43
ǲ,43
,43
,43
,43
,43
,43
,43
,43
צ,43
,43
,43
,42
ɰ,42
,42
,42
Т,42
,42
Ȯ,42
ڤ,42
,42
D,42
,42
,42
,42
,42
,42
Ѷ,42
,41
֧,41
,41
,41
־,41
,41
б,41
,41
,41
,41
,41
,41
,41
լ,41
,41
,41
,41
,41
Ŭ,41
,41
,40
,40
,40
,40
,40
,40
,40
,40
,40
,40
,40
,40
,40
,40
,40
,39
,39
,39
,39
,39
,39
,39
,39
,39
,39
,39
,39
Ũ,39
,39
,39
,39
,39
Ȩ,39
,39
,39
ϻ,39
,39
,39
ɩ,39
,38
,38
Ǳ,38
,38
ı,38
̳,38
,38
,38
,38
,38
,38
,38
,38
,38
ů,38
׮,38
,38
,37
,37
,37
̩,37
,37
,37
,37
,37
з,37
,37
,37
,37
,37
,37
,37
,37
,37
,36
,36
,36
,36
,36
ǳ,36
,36
,36
1,36
,36
,36
,36
,36
,36
,36
,36
Ĭ,36
,36
,36
ڿ,36
,36
ʾ,36
ף,36
Ϭ,36
Դ,35
5,35
,35
,35
,35
,35
ɴ,35
,35
,35
ע,35
,35
Ѿ,35
,35
,35
,35
,35
,35
,35
,35
ȸ,35
,35
,35
,35
ū,35
,34
,34
Ѩ,34
,34
,34
,34
,34
,34
,34
Ϻ,34
,34
,34
,34
,34
,34
,34
,34
,34
,34
,34
Į,34
,34
ԡ,34
,34
,33
,33
,33
,33
ש,33
©,33
,33
,33
,33
,33
ְ,33
,33
,33
,33
,33
,33
,33
,33
,33
,33
,33
,33
ӡ,33
,33
,33
У,33
,32
,32
,32
,32
,32
,32
,32
ߥ,32
0,32
ˢ,32
,32
,32
,32
,32
Ϫ,32
,32
,32
,32
ʷ,32
,31
,31
,31
,31
ҫ,31
Υ,31
,31
׾,31
,31
,31
,31
,31
,31
,31
,31
,31
,31
,31
,31
ã,30
,30
,30
,30
,30
,30
,30
,30
,30
,30
,30
,30
ѻ,30
,30
,30
߶,30
,30
,30
,30
,30
,30
,30
,30
,30
,30
h,30
˹,30
,29
9,29
ӿ,29
,29
,29
֥,29
,29
,29
,29
,29
,29
,29
,29
4,29
,29
,29
,29
,29
,29
,29
,29
3,29
,29
,29
,29
,29
,29
,29
,29
*,29
,29
,29
,29
Ӭ,29
,29
,28
,28
,28
,28
ż,28
,28
Ⱦ,28
,28
,28
,28
,28
,28
,28
,28
,28
,28
,28
,28
,28
,28
,28
,28
̶,28
,28
,28
ƹ,28
,28
2,27
,27
,27
,27
,27
ª,27
,27
,27
,27
,27
,27
,27
,27
³,27
,27
,27
,27
,27
,27
,27
,27
,27
ɹ,27
,27
,27
,27
,27
,27
,27
,27
Ծ,26
,26
,26
,26
,26
,26
,26
,26
й,26
е,26
,26
,26
,26
,26
,26
,26
,26
,26
,26
,26
,26
,26
,26
,26
,26
,26
,26
M,26
,26
,26
,26
,26
,26
,26
ˬ,25
,25
ͻ,25
ѥ,25
,25
,25
,25
,25
,25
,25
,25
,25
,25
,25
,25
,25
,25
,25
,25
,25
,25
,25
,25
,25
,24
,24
,24
,24
,24
Ӥ,24
ϧ,24
,24
,24
ί,24
,24
,24
,24
,24
,24
,24
,24
,24
,24
̴,24
,24
,24
,24
,24
o,24
,24
,24
,23
,23
,23
,23
,23
,23
,23
,23
,23
,23
ŧ,23
,23
,23
,23
,23
,23
,23
,23
,23
,23
,23
,23
,23
,23
,23
,23
,23
,23
,23
,23
,23
,23
մ,23
,22
,22
,22
,22
,22
,22
թ,22
ϰ,22
,22
,22
Ͱ,22
,22
,22
,22
,22
,22
,22
,22
,22
,22
,22
,22
[,22
,22
,22
,22
,22
,22
,22
,22
,22
,21
,21
,21
˥,21
é,21
Ԥ,21
,21
,21
,21
,21
,21
,21
,21
,21
,21
,21
,21
,21
,21
,21
,21
,21
,21
,21
,21
,21
,21
,21
,21
,21
,20
,20
,20
,20
,20
,20
,20
,20
,20
,20
,20
,20
,20
,20
,20
,20
,20
Ю,20
,20
,20
,20
,20
,20
,20
,20
,20
,20
,20
,20
,20
,20
,20
,20
,20
,19
,19
,19
,19
ī,19
,19
,19
,19
,19
,19
,19
,19
,19
ŵ,19
,19
,19
׬,19
,19
,19
,19
,19
,19
խ,19
,19
հ,19
,19
,19
,19
,19
,19
,19
ȵ,19
ѿ,19
r,19
,19
,19
,19
|,19
,18
,18
,18
Ѭ,18
֬,18
,18
̦,18
,18
,18
,18
,18
¼,18
,18
,18
گ,18
,18
ι,18
,18
,18
,18
,18
,18
,18
Σ,18
£,18
,18
,18
,18
,18
,18
,18
Ȥ,18
,18
Х,18
,18
t,18
i,18
г,18
,17
,17
î,17
Ԩ,17
,17
,17
,17
,17
ĺ,17
,17
,17
,17
,17
,17
,17
,17
,17
ͺ,17
,17
,17
,17
,17
,17
,17
ӧ,17
,17
,17
,17
,17
,17
,17
͢,17
,17
ǫ,17
,17
,17
ï,17
,17
,17
½,17
,17
,17
,17
,17
,17
̲,17
,17
,17
,17
,17
,17
,16
,16
,16
,16
,16
,16
,16
,16
,16
,16
,16
,16
,16
,16
,16
,16
է,16
,16
,16
,16
,16
,16
,16
ƪ,16
,16
,16
,16
,16
,16
ϥ,16
,16
,16
,16
,16
Ҿ,16
,16
{,16
,16
,16
֯,16
,16
,16
,16
,16
,16
,16
,16
,16
ǻ,16
,16
,16
,16
,15
,15
Ͻ,15
,15
,15
,15
ά,15
,15
,15
,15
,15
,15
,15
,15
,15
,15
,15
,15
,15
,15
,15
,15
,15
,15
,15
¬,15
,15
,15
,15
,15
,15
,15
§,15
,15
,15
,15
,15
,14
,14
,14
,14
,14
,14
,14
,14
Ƚ,14
,14
˷,14
ֶ,14
,14
,14
ʪ,14
,14
ý,14
â,14
,14
,14
,14
,14
,14
,14
,14
,14
,14
,14
ǡ,14
,14
,14
,14
,14
,14
,14
,14
,14
,14
S,14
,14
ձ,14
̿,14
,14
,14
,14
,14
,14
,14
,14
,14
-,13
,13
,13
,13
,13
,13
,13
Һ,13
,13
,13
,13
,13
ԫ,13
,13
,13
,13
,13
,13
,13
,13
,13
,13
,13
,13
,13
,13
,13
,13
,13
,13
Ѹ,13
,13
,13
,13
,13
,13
ʣ,13
,13
,13
Ϯ,13
,13
,13
,13
,13
,13
,13
Ƕ,13
,13
,13
,13
,13
,13
պ,13
,13
,13
,13
,13
,13
ѯ,13
,13
,13
,12
,12
,12
,12
,12
,12
,12
,12
,12
µ,12
,12
,12
,12
,12
,12
,12
,12
,12
,12
,12
,12
,12
,12
,12
ж,12
,12
,12
,12
,12
,12
в,12
,12
,12
,12
ޤ,12
,12
,12
ö,12
ɣ,12
,12
,12
,12
Ƶ,12
,12
,12
,12
,12
,12
,12
,12
ɻ,12
,12
,12
,12
,12
Է,12
,12
Ҩ,12
,12
,12
,12
,11
,11
֫,11
ӣ,11
,11
,11
,11
,11
,11
,11
,11
,11
,11
կ,11
,11
,11
,11
,11
,11
,11
,11
,11
ȱ,11
,11
,11
,11
ز,11
,11
,11
,11
è,11
,11
,11
,11
,11
,11
,11
,11
߳,11
,11
,11
,11
,11
,11
,11
,11
,11
,11
,11
,11
,11
,11
,11
,11
,11
,11
,11
,11
,11
,11
,11
,11
,11
,11
,11
°,11
,11
,11
,11
,11
,11
,11
Ƨ,11
,11
ۖ,11
,11
,11
,11
޼,11
,11
,10
,10
,10
,10
޺,10
Ҭ,10
,10
,10
¡,10
,10
,10
ٿ,10
,10
,10
,10
Ǩ,10
,10
,10
,10
,10
ĩ,10
,10
,10
,10
,10
,10
,10
ɸ,10
,10
,10
,10
,10
,10
,10
,10
,10
,10
,10
,10
ͳ,10
,10
,10
,10
,10
,10
,10
,10
,10
ԧ,10
,10
,10
,10
,10
,10
ɡ,10
,10
,10
,10
,10
ބ,10
,10
,10
,10
տ,10
,10
ճ,10
,10
,10
,10
,10
,10
,10
ư,10
,10
,10
,10
,10
,10
,10
Ԯ,10
,10
,10
,10
,10
֩,10
,10
,9
ʭ,9
,9
,9
,9
ޥ,9
,9
,9
,9
ɯ,9
ӻ,9
,9
,9
Ҥ,9
,9
ɷ,9
,9
,9
,9
,9
,9
,9
,9
ź,9
,9
,9
ܽ,9
,9
ܯ,9
,9
,9
,9
,9
,9
,9
,9
į,9
,9
,9
,9
,9
,9
,9
,9
,9
,9
,9
ݺ,9
,9
,9
ѵ,9
,9
,9
,9
,9
,9
,9
,9
,9
,9
,9
,9
,9
,9
޵,9
,9
,9
,9
u,9
̬,9
,9
ĭ,9
,9
ƨ,9
,9
ܰ,9
ĵ,9
,9
,9
,9
,9
,9
,9
,9
,9
,9
,9
,9
,9
,9
,9
,8
,8
,8
,8
,8
,8
,8
,8
أ,8
,8
ө,8
,8
ѱ,8
,8
,8
,8
,8
,8
ɺ,8
,8
,8
˻,8
,8
,8
,8
,8
,8
,8
,8
,8
ǯ,8
,8
ب,8
,8
֭,8
,8
,8
,8
,8
,8
ũ,8
,8
,8
,8
,8
Ԭ,8
,8
,8
,8
,8
,8
,8
,8
,8
ѷ,8
,8
,8
ծ,8
,8
,8
,8
ç,8
,8
զ,8
,8
,8
и,8
,8
,8
,8
H,8
,8
,8
,8
׸,8
,8
,8
İ,8
,8
,8
,8
,8
,8
,8
Ģ,8
C,8
,8
[,8
,8
,8
,8
,8
,8
I,8
,7
,7
,7
,7
,7
,7
,7
,7
,7
,7
,7
¿,7
,7
,7
,7
Ǧ,7
,7
ض,7
η,7
,7
,7
,7
,7
,7
,7
,7
,7
Ͼ,7
Ч,7
,7
ٺ,7
,7
ԯ,7
,7
,7
Ҧ,7
,7
,7
,7
,7
,7
Ĳ,7
,7
,7
,7
,7
˸,7
ջ,7
,7
,7
Ѽ,7
ѭ,7
,7
˴,7
,7
ۺ,7
,7
,7
,7
,7
,7
׭,7
,7
,7
,7
,7
,7
ڭ,7
,7
,7
,7
,7
,7
Ϧ,7
,7
,7
,7
,7
,7
,7
,7
,7
,7
,7
,7
ݼ,7
,7
m,7
,7
,7
Ϳ,7
Ĺ,7
,7
,7
,7
Ų,7
,7
,7
,7
,7
,7
,7
,7
ϭ,7
,7
,7
,7
v,7
ķ,7
Ы,7
,7
,7
̢,7
,7
,7
,7
,7
,6
,6
ƣ,6
,6
,6
,6
,6
,6
н,6
,6
,6
,6
,6
,6
,6
,6
,6
߬,6
,6
,6
,6
,6
,6
,6
,6
,6
ٹ,6
θ,6
,6
,6
м,6
,6
,6
,6
,6
,6
,6
,6
,6
,6
,6
,6
,6
,6
Ÿ,6
,6
,6
,6
,6
,6
,6
,6
α,6
,6
Ķ,6
,6
,6
,6
,6
,6
,6
,6
,6
,6
,6
,6
,6
,6
,6
,6
,6
߁,6
ļ,6
,6
,6
܀,6
,6
,6
Կ,6
,6
,6
ӫ,6
,6
,6
,6
,6
b,6
,6
,6
,6
,6
,6
,6
,6
,6
,6
,6
,6
,6
,6
,6
,6
,6
,6
,6
,6
,6
,6
,6
,6
,6
,6
,6
,6
,6
ͮ,6
,6
,6
,6
,6
,6
,6
,6
,6
,6
ҥ,6
,6
,6
,5
,5
,5
,5
,5
,5
,5
,5
,5
,5
,5
ΰ,5
,5
ȼ,5
,5
,5
,5
,5
,5
,5
,5
,5
,5
,5
,5
,5
Э,5
,5
,5
,5
,5
,5
Ŷ,5
̹,5
,5
,5
,5
,5
Ȣ,5
,5
,5
,5
,5
ͧ,5
,5
,5
Ң,5
K,5
,5
,5
,5
,5
,5
,5
μ,5
,5
,5
,5
,5
,5
,5
,5
,5
߿,5
ϱ,5
,5
,5
,5
,5
,5
,5
,5
,5
,5
,5
ɬ,5
,5
,5
,5
,5
Ϲ,5
,5
,5
,5
,5
,5
,5
,5
,5
,5
,5
,5
,5
,5
,5
ʺ,5
γ,5
,5
ަ,5
,5
p,5
Ľ,5
,5
,5
,5
Ƣ,5
,5
,5
,5
,5
,5
,5
,5
Ļ,5
,5
,5
I,5
,5
϶,5
,5
,5
,5
,5
,5
,5
,5
,5
ӹ,5
,5
,5
,5
,5
ϙ,5
,5
,5
,5
,4
,4
,4
,4
,4
,4
,4
,4
,4
,4
,4
,4
,4
ɦ,4
ӱ,4
,4
,4
,4
ҷ,4
,4
,4
Ű,4
,4
,4
,4
,4
,4
ì,4
,4
,4
,4
,4
,4
,4
,4
,4
Ϥ,4
,4
,4
,4
¦,4
,4
,4
,4
,4
,4
,4
ɪ,4
,4
,4
,4
,4
,4
,4
,4
,4
,4
Ŧ,4
,4
,4
,4
,4
,4
,4
,4
,4
,4
,4
,4
,4
,4
س,4
ݱ,4
,4
,4
,4
,4
,4
],4
,4
Ѧ,4
,4
,4
,4
,4
^,4
,4
,4
,4
,4
O,4
,4
,4
,4
,4
,4
,4
,4
,4
,4
,4
,4
,4
,4
,4
,4
,4
b,4
,4
,4
,4
,4
,4
,4
,4
,4
,4
,4
,4
,4
,4
,4
ϣ,4
ߡ,4
,4
,4
,4
,4
,4
,4
,4
,4
,4
,4
,4
,4
,4
Φ,4
,4
,4
,4
,4
ֲ,4
,4
,4
,4
,4
,4
Z,4
,4
,4
,4
,4
,4
¾,4
,4
h,4
,4
̵,4
,4
,4
,4
,4
ޱ,4
,4
,4
,4
,3
,3
,3
,3
,3
,3
,3
,3
,3
q,3
,3
,3
,3
,3
ʲ,3
פ,3
Ѯ,3
,3
,3
,3
,3
,3
,3
,3
,3
,3
,3
,3
,3
,3
,3
,3
,3
,3
,3
,3
,3
,3
,3
,3
,3
,3
,3
,3
,3
,3
͡,3
,3
,3
ӽ,3
,3
,3
,3
,3
,3
t,3
,3
,3
,3
^,3
Ԣ,3
,3
,3
,3
ݶ,3
,3
,3
,3
,3
,3
,3
®,3
Ψ,3
,3
,3
,3
,3
,3
,3
,3
,3
,3
,3
,3
,3
,3
ʸ,3
,3
,3
,3
,3
,3
,3
,3
,3
,3
ú,3
,3
,3
,3
,3
,3
,3
έ,3
,3
,3
,3
,3
,3
,3
,3
,3
Ŵ,3
,3
,3
,3
,3
Ͳ,3
,3
,3
ͩ,3
,3
,3
,3
,3
,3
,3
u,3
,3
,3
n,3
,3
,3
,3
,3
,3
,3
,3
ڵ,3
±,3
,3
,3
,3
,3
,3
,3
ش,3
ǵ,3
h,3
,3
,3
,3
z,3
׺,3
,3
,3
,3
,3
,3
,3
,3
,3
,3
,3
,3
,3
,3
,3
U,3
,3
,3
,3
,3
ٵ,3
,3
к,3
,3
,3
,3
,3
,3
,3
Ϩ,3
,3
,3
,3
,3
,3
,3
,3
ڣ,3
Ф,3
,3
­,3
,3
,3
,3
,3
,3
ä,3
,3
J,3
,3
,3
,3
,3
,3
,3
l,3
,3
,3
j,3
,3
,3
,3
Ǿ,3
,3
ʽ,3
ַ,3
,3
T,3
,3
[,2
],2
,2
,2
Ʃ,2
,2
,2
,2
,2
,2
,2
,2
,2
,2
f,2
,2
,2
,2
,2
,2
,2
,2
,2
,2
,2
,2
,2
خ,2
,2
,2
,2
,2
,2
X,2
Z,2
,2
,2
,2
,2
,2
,2
,2
,2
ܲ,2
,2
F,2
[,2
ص,2
,2
Ǵ,2
,2
,2
,2
,2
,2
,2
,2
ƻ,2
,2
,2
,2
,2
,2
,2
,2
,2
,2
,2
,2
n,2
,2
,2
,2
,2
,2
ک,2
k,2
,2
ѫ,2
,2
,2
,2
Ʊ,2
,2
˨,2
,2
,2
,2
,2
,2
,2
,2
,2
,2
,2
,2
ɵ,2
,2
,2
ť,2
z,2
,2
,2
,2
,2
,2
,2
,2
e,2
,2
,2
,2
,2
i,2
,2
,2
²,2
,2
,2
,2
,2
,2
,2
,2
,2
h,2
׻,2
,2
,2
,2
,2
,2
,2
,2
,2
ܷ,2
,2
,2
,2
,2
,2
,2
,2
,2
,2
,2
,2
,2
ޡ,2
,2
,2
e,2
,2
,2
ٻ,2
ȧ,2
,2
J,2
,2
,2
,2
۾,2
H,2
,2
,2
,2
,2
ĳ,2
,2
ȯ,2
,2
,2
,2
,2
,2
,2
t,2
,2
,2
,2
,2
,2
,2
,2
E,2
ų,2
,2
,2
,2
,2
õ,2
,2
,2
,2
,2
Ƴ,2
,2
o,2
,2
Ƽ,2
,2
բ,2
,2
,2
,2
,2
,2
,2
,2
,2
,2
,2
,2
,2
Ӷ,2
,2
,2
,2
,2
,2
,2
ۂ,2
,2
,2
,2
l,2
,2
,2
P,2
,2
,2
,2
׶,2
ǅ,2
K,2
,2
,2
,2
,2
޽,2
׿,2
T,2
,2
ެ,2
Ĥ,2
,2
Ѥ,2
],2
u,2
ֳ,2
,2
,2
,2
,2
,2
Ӹ,2
,2
,2
,2
,2
,2
,2
,2
,2
,2
ڲ,2
L,2
ؿ,2
,2
Q,2
,2
ɤ,2
,2
,2
,2
,2
,2
,2
,2
,2
,2
,2
,2
,2
|,2
,2
N,2
,2
֣,2
Ȭ,2
,2
,2
,2
,2
w,2
,2
̡,2
,2
̺,2
,2
,2
¨,2
,2
,2
,2
,2
~,2
,2
,2
Ż,2
,2
,2
,2
,2
T,2
,2
,2
,2
,2
,2
,2
,2
,2
ٱ,2
,2
,2
,2
,2
,2
,2
,2
,2
,2
N,2
,2
,2
,2
,2
,2
,2
,2
,2
,2
,2
,2
F,2
,2
,2
,2
,2
,2
,2
,2
,2
,2
,2
,2
,2
/,1
,1
ߜ,1
,1
,1
,1
,1
,1
޲,1
,1
´,1
,1
,1
,1
,1
,1
